http://www.wikidata.org/entity/Q11847,Antoni Grabowski,Antoni Grabowski,http://www.wikidata.org/entity/Q168886,Cmentarz Powązkowski w Warszawie,1857-06-11T00:00:00Z,1921-07-04T00:00:00Z,
http://www.wikidata.org/entity/Q3742469,Witold Doroszewski,Witold Doroszewski,http://www.wikidata.org/entity/Q168886,Cmentarz Powązkowski w Warszawie,1899-05-01T00:00:00Z,1976-01-26T00:00:00Z,http://commons.wikimedia.org/wiki/Special:FilePath/Witold%20Doroszewski%20gr%C3%B3b.JPG
http://www.wikidata.org/entity/Q3804499,Stanisław Jachowicz,Stanisław Jachowicz,http://www.wikidata.org/entity/Q168886,Cmentarz Powązkowski w Warszawie,1796-04-17T00:00:00Z,1857-12-24T00:00:00Z,http://commons.wikimedia.org/wiki/Special:FilePath/Stanis%C5%82aw%20Jachowicz%20gr%C3%B3b.JPG
http://www.wikidata.org/entity/Q3849484,Stefan Starzyński,Stefan Starzyński,http://www.wikidata.org/entity/Q168886,Cmentarz Powązkowski w Warszawie,1893-08-19T00:00:00Z,1943-01-01T00:00:00Z,
http://www.wikidata.org/entity/Q3849484,Stefan Starzyński,Stefan Starzyński,http://www.wikidata.org/entity/Q168886,Cmentarz Powązkowski w Warszawie,1893-08-19T00:00:00Z,1943-10-17T00:00:00Z,
http://www.wikidata.org/entity/Q3857096,Mieczysław Warmus,Mieczysław Warmus,http://www.wikidata.org/entity/Q168886,Cmentarz Powązkowski w Warszawie,1918-06-01T00:00:00Z,2007-09-20T00:00:00Z,http://commons.wikimedia.org/wiki/Special:FilePath/Mieczys%C5%82aw%20Warmus%20%28gr%C3%B3b%29.JPG
http://www.wikidata.org/entity/Q3917200,Józef Wolff,Józef Wolff,http://www.wikidata.org/entity/Q168886,Cmentarz Powązkowski w Warszawie,1852-12-15T00:00:00Z,1900-08-09T00:00:00Z,
http://www.wikidata.org/entity/Q3920131,Jan Aleksander Karłowicz,Jan Karłowicz,http://www.wikidata.org/entity/Q168886,Cmentarz Powązkowski w Warszawie,1836-05-28T00:00:00Z,1903-06-14T00:00:00Z,
http://www.wikidata.org/entity/Q4061184,Jerzy Aleksandrowicz,Jerzy Aleksandrowicz,http://www.wikidata.org/entity/Q168886,Cmentarz Powązkowski w Warszawie,1819-01-01T00:00:00Z,1894-01-01T00:00:00Z,http://commons.wikimedia.org/wiki/Special:FilePath/Jerzy%20Aleksandrowicz%20%28gr%C3%B3b%29.JPG
http://www.wikidata.org/entity/Q4122740,Mieczysław Voit,Mieczysław Voit,http://www.wikidata.org/entity/Q168886,Cmentarz Powązkowski w Warszawie,1928-08-02T00:00:00Z,1991-01-31T00:00:00Z,http://commons.wikimedia.org/wiki/Special:FilePath/Mieczys%C5%82aw%20Voit-grave%20at%20Powazki.jpg
http://www.wikidata.org/entity/Q4180245,Józef Boguski,Józef Jerzy Boguski,http://www.wikidata.org/entity/Q168886,Cmentarz Powązkowski w Warszawie,1853-09-07T00:00:00Z,1933-04-18T00:00:00Z,
http://www.wikidata.org/entity/Q4226910,Stanisław Gabriel Kozłowski,Stanisław Gabriel Kozłowski,http://www.wikidata.org/entity/Q168886,Cmentarz Powązkowski w Warszawie,1860-03-18T00:00:00Z,1922-01-02T00:00:00Z,http://commons.wikimedia.org/wiki/Special:FilePath/Stanis%C5%82aw%20Bogus%C5%82awski%2C%20W%C5%82adys%C5%82aw%20Bogus%C5%82awski%2C%20Stanis%C5%82aw%20Gabriel%20Koz%C5%82owski%2C%20Hanna%20Ma%C5%82kowska%2C%20Witold%20Ma%C5%82kowski%20%28gr%C3%B3b%29.JPG
http://www.wikidata.org/entity/Q4234891,Julian Kosiński,Julian Kosiński,http://www.wikidata.org/entity/Q168886,Cmentarz Powązkowski w Warszawie,1833-11-16T00:00:00Z,1914-03-24T00:00:00Z,http://commons.wikimedia.org/wiki/Special:FilePath/Julian%20Kosi%C5%84ski%20gr%C3%B3b.JPG
http://www.wikidata.org/entity/Q4234896,Józef Kosiński,Józef Kosiński,http://www.wikidata.org/entity/Q168886,Cmentarz Powązkowski w Warszawie,1753-01-01T00:00:00Z,1821-04-01T00:00:00Z,
http://www.wikidata.org/entity/Q4240583,Stanisław Krzemiński,Stanisław Krzemiński,http://www.wikidata.org/entity/Q168886,Cmentarz Powązkowski w Warszawie,1839-12-16T00:00:00Z,1912-11-29T00:00:00Z,http://commons.wikimedia.org/wiki/Special:FilePath/Stanis%C5%82aw%20Krzemi%C5%84ski%20gr%C3%B3b.JPG
http://www.wikidata.org/entity/Q4279425,Irena Malkiewicz,Irena Malkiewicz,http://www.wikidata.org/entity/Q168886,Cmentarz Powązkowski w Warszawie,1911-09-15T00:00:00Z,2004-01-23T00:00:00Z,
http://www.wikidata.org/entity/Q4285819,Ignacy Machowski,Ignacy Machowski,http://www.wikidata.org/entity/Q168886,Cmentarz Powązkowski w Warszawie,1920-07-05T00:00:00Z,2001-01-11T00:00:00Z,
http://www.wikidata.org/entity/Q4333740,Tadeusz Olechowski,Tadeusz Olechowski,http://www.wikidata.org/entity/Q168886,Cmentarz Powązkowski w Warszawie,1926-01-10T00:00:00Z,2001-01-04T00:00:00Z,
http://www.wikidata.org/entity/Q4341385,Bronisław Pawlik,Bronisław Pawlik,http://www.wikidata.org/entity/Q168886,Cmentarz Powązkowski w Warszawie,1926-01-08T00:00:00Z,2002-05-06T00:00:00Z,http://commons.wikimedia.org/wiki/Special:FilePath/Nagrobek%20Bronislawa%20Pawlika.JPG
http://www.wikidata.org/entity/Q4374918,Stanisław Potocki (1776-1830),Stanisław Potocki,http://www.wikidata.org/entity/Q168886,Cmentarz Powązkowski w Warszawie,1776-05-06T00:00:00Z,1830-11-29T00:00:00Z,
http://www.wikidata.org/entity/Q4385151,Walery Przyborowski,Walery Przyborowski,http://www.wikidata.org/entity/Q168886,Cmentarz Powązkowski w Warszawie,1845-11-27T00:00:00Z,1913-03-13T00:00:00Z,http://commons.wikimedia.org/wiki/Special:FilePath/Walery%20Przyborowski%20gr%C3%B3b.jpg
http://www.wikidata.org/entity/Q4429676,Oskar Sosnowski,Oskar Sosnowski,http://www.wikidata.org/entity/Q168886,Cmentarz Powązkowski w Warszawie,1880-11-06T00:00:00Z,1939-09-24T00:00:00Z,
http://www.wikidata.org/entity/Q4441619,Jerzy Stempowski,Jerzy Stempowski,http://www.wikidata.org/entity/Q168886,Cmentarz Powązkowski w Warszawie,1894-12-10T00:00:00Z,1969-10-04T00:00:00Z,http://commons.wikimedia.org/wiki/Special:FilePath/Jerzy%20Stempowski%20%28gr%C3%B3b%29.JPG
http://www.wikidata.org/entity/Q4441619,Jerzy Stempowski,Jerzy Stempowski,http://www.wikidata.org/entity/Q168886,Cmentarz Powązkowski w Warszawie,1894-12-10T00:00:00Z,1969-10-04T00:00:00Z,http://commons.wikimedia.org/wiki/Special:FilePath/Jerzy%20Stempowski%20monument.JPG
http://www.wikidata.org/entity/Q4441623,Stanisław Stempowski,Stanisław Stempowski,http://www.wikidata.org/entity/Q168886,Cmentarz Powązkowski w Warszawie,1870-01-27T00:00:00Z,1952-01-11T00:00:00Z,
http://www.wikidata.org/entity/Q4502694,Władysław Kędra,Władysław Kędra,http://www.wikidata.org/entity/Q168886,Cmentarz Powązkowski w Warszawie,1918-09-16T00:00:00Z,1968-09-26T00:00:00Z,http://commons.wikimedia.org/wiki/Special:FilePath/W%C5%82adys%C5%82aw%20K%C4%99dra%20gr%C3%B3b.JPG
http://www.wikidata.org/entity/Q4503900,Eugeniusz Cękalski,Eugeniusz Cękalski,http://www.wikidata.org/entity/Q168886,Cmentarz Powązkowski w Warszawie,1906-12-30T00:00:00Z,1952-05-31T00:00:00Z,
http://www.wikidata.org/entity/Q4536068,Stanisław Jaworski,Stanisław Jaworski,http://www.wikidata.org/entity/Q168886,Cmentarz Powązkowski w Warszawie,1895-02-12T00:00:00Z,1970-10-28T00:00:00Z,http://commons.wikimedia.org/wiki/Special:FilePath/Janina%20Jaworska-Por%C4%99bska%2C%20Stanis%C5%82aw%20Jaworski%20%28gr%C3%B3b%29.JPG
http://www.wikidata.org/entity/Q4668237,Feliks Bentkowski,Feliks Bentkowski,http://www.wikidata.org/entity/Q168886,Cmentarz Powązkowski w Warszawie,1781-05-27T00:00:00Z,1852-08-28T00:00:00Z,
http://www.wikidata.org/entity/Q4759740,Andrzej Jerzy Zakrzewski,Andrzej Zakrzewski,http://www.wikidata.org/entity/Q168886,Cmentarz Powązkowski w Warszawie,1941-08-22T00:00:00Z,2000-02-10T00:00:00Z,http://commons.wikimedia.org/wiki/Special:FilePath/Andrzej%20Zakrzewski%20monument.JPG
http://www.wikidata.org/entity/Q4776193,Antoni Potocki (generał brygady),Antoni Potocki,http://www.wikidata.org/entity/Q168886,Cmentarz Powązkowski w Warszawie,1780-06-17T00:00:00Z,1850-10-18T00:00:00Z,
http://www.wikidata.org/entity/Q4809178,Stefan Kieniewicz,Stefan Kieniewicz,http://www.wikidata.org/entity/Q168886,Cmentarz Powązkowski w Warszawie,1907-09-20T00:00:00Z,1992-05-02T00:00:00Z,
http://www.wikidata.org/entity/Q4893733,Józef Weyssenhoff,Józef Weyssenhoff,http://www.wikidata.org/entity/Q168886,Cmentarz Powązkowski w Warszawie,1860-04-08T00:00:00Z,1932-07-06T00:00:00Z,
http://www.wikidata.org/entity/Q5404155,Nina Andrycz,Ninosława Andrycz,http://www.wikidata.org/entity/Q168886,Cmentarz Powązkowski w Warszawie,1912-11-11T00:00:00Z,2014-01-31T00:00:00Z,
http://www.wikidata.org/entity/Q5642381,Halina Szwarc,Halina Szwarc,http://www.wikidata.org/entity/Q168886,Cmentarz Powązkowski w Warszawie,1923-01-01T00:00:00Z,2002-01-01T00:00:00Z,http://commons.wikimedia.org/wiki/Special:FilePath/Halina%20Szwarc%20-%20gr%C3%B3b.jpg
http://www.wikidata.org/entity/Q6155985,Janusz Zakrzewski,Janusz Zakrzewski,http://www.wikidata.org/entity/Q168886,Cmentarz Powązkowski w Warszawie,1932-07-23T00:00:00Z,2008-10-26T00:00:00Z,http://commons.wikimedia.org/wiki/Special:FilePath/Janusz%20Zakrzewski%20gr%C3%B3b.JPG
http://www.wikidata.org/entity/Q6372441,Eugeniusz Kamiński,Eugeniusz Kamiński,http://www.wikidata.org/entity/Q168886,Cmentarz Powązkowski w Warszawie,1931-11-08T00:00:00Z,2018-10-15T00:00:00Z,http://commons.wikimedia.org/wiki/Special:FilePath/Eugeniusz%20Kami%C5%84ski%20gr%C3%B3b.jpg
http://www.wikidata.org/entity/Q6381205,Kazimierz Leski,Kazimierz Leski,http://www.wikidata.org/entity/Q168886,Cmentarz Powązkowski w Warszawie,1912-06-21T00:00:00Z,2000-05-27T00:00:00Z,http://commons.wikimedia.org/wiki/Special:FilePath/Powazki%20Lescy.JPG
http://www.wikidata.org/entity/Q6511548,Lech Szczucki,Lech Szczucki,http://www.wikidata.org/entity/Q168886,Cmentarz Powązkowski w Warszawie,1933-01-01T00:00:00Z,2019-11-19T00:00:00Z,
http://www.wikidata.org/entity/Q7661075,Sylwester Braun,Sylwester Braun,http://www.wikidata.org/entity/Q168886,Cmentarz Powązkowski w Warszawie,1909-01-01T00:00:00Z,1996-02-02T00:00:00Z,
http://www.wikidata.org/entity/Q8028461,Witold Zalewski,Witold Zalewski,http://www.wikidata.org/entity/Q168886,Cmentarz Powązkowski w Warszawie,1921-01-04T00:00:00Z,2009-01-01T00:00:00Z,
http://www.wikidata.org/entity/Q8861135,Zbigniew Dunajewski,Zbigniew Dunajewski,http://www.wikidata.org/entity/Q168886,Cmentarz Powązkowski w Warszawie,1907-08-14T00:00:00Z,1966-11-19T00:00:00Z,
http://www.wikidata.org/entity/Q8861537,Janusz Groszkowski,Janusz Groszkowski,http://www.wikidata.org/entity/Q168886,Cmentarz Powązkowski w Warszawie,1898-03-21T00:00:00Z,1984-08-03T00:00:00Z,
http://www.wikidata.org/entity/Q8861566,Zdzisław Grunwald,Zdzisław Grunwald,http://www.wikidata.org/entity/Q168886,Cmentarz Powązkowski w Warszawie,1911-05-01T00:00:00Z,1996-03-15T00:00:00Z,http://commons.wikimedia.org/wiki/Special:FilePath/Zdzis%C5%82aw%20Grunwald%20%28gr%C3%B3b%29.JPG
http://www.wikidata.org/entity/Q8861784,Aleksander Hrynkiewicz,Aleksander Hrynkiewicz,http://www.wikidata.org/entity/Q168886,Cmentarz Powązkowski w Warszawie,1896-01-14T00:00:00Z,1981-06-15T00:00:00Z,http://commons.wikimedia.org/wiki/Special:FilePath/Aleksander%20Hrynkiewicz%20gr%C3%B3b.JPG
http://www.wikidata.org/entity/Q8861991,Józef Jezierski,Józef Jezierski,http://www.wikidata.org/entity/Q168886,Cmentarz Powązkowski w Warszawie,1929-08-20T00:00:00Z,2011-06-21T00:00:00Z,http://commons.wikimedia.org/wiki/Special:FilePath/Prof%20J%C3%B3zef%20Jezierski%20gr%C3%B3b.jpg
http://www.wikidata.org/entity/Q8862445,Stefan Kozłowski,Stefan Kozłowski,http://www.wikidata.org/entity/Q168886,Cmentarz Powązkowski w Warszawie,1928-01-05T00:00:00Z,2007-09-17T00:00:00Z,http://commons.wikimedia.org/wiki/Special:FilePath/Leon%20i%20Stefan%20Koz%C5%82owscy%20gr%C3%B3b.JPG
http://www.wikidata.org/entity/Q8862595,Zbigniew Kubikowski,Zbigniew Kubikowski,http://www.wikidata.org/entity/Q168886,Cmentarz Powązkowski w Warszawie,1929-11-01T00:00:00Z,1984-08-13T00:00:00Z,http://commons.wikimedia.org/wiki/Special:FilePath/Zbigniew%20Kubikowski%20gr%C3%B3b.JPG
http://www.wikidata.org/entity/Q8862654,Grażyna Kuroń,Grażyna Kuroń,http://www.wikidata.org/entity/Q168886,Cmentarz Powązkowski w Warszawie,1940-01-02T00:00:00Z,1982-11-23T00:00:00Z,http://commons.wikimedia.org/wiki/Special:FilePath/Gaja%20Kuron%20Grave.jpg
http://www.wikidata.org/entity/Q8862718,Stanisław Latour,Stanisław Latour,http://www.wikidata.org/entity/Q168886,Cmentarz Powązkowski w Warszawie,1927-05-24T00:00:00Z,2007-10-20T00:00:00Z,
http://www.wikidata.org/entity/Q8863054,Jerzy Łoziński,Jerzy Łoziński,http://www.wikidata.org/entity/Q168886,Cmentarz Powązkowski w Warszawie,1925-04-20T00:00:00Z,1996-12-13T00:00:00Z,http://commons.wikimedia.org/wiki/Special:FilePath/Jerzy%20%C5%81ozi%C5%84ski%20-%20gr%C3%B3b.jpg
http://www.wikidata.org/entity/Q8863153,Władysław Majewski,Władysław Majewski,http://www.wikidata.org/entity/Q168886,Cmentarz Powązkowski w Warszawie,1933-04-06T00:00:00Z,2002-05-22T00:00:00Z,http://commons.wikimedia.org/wiki/Special:FilePath/Prof.%20W%C5%82adys%C5%82aw%20Majewski%20gr%C3%B3b.jpg
http://www.wikidata.org/entity/Q8863468,Marian Mieszkowski,Marian Mieszkowski,http://www.wikidata.org/entity/Q168886,Cmentarz Powązkowski w Warszawie,1913-01-17T00:00:00Z,2007-09-04T00:00:00Z,
http://www.wikidata.org/entity/Q8863526,Adam Miłobędzki,Adam Miłobędzki,http://www.wikidata.org/entity/Q168886,Cmentarz Powązkowski w Warszawie,1924-07-17T00:00:00Z,2003-12-06T00:00:00Z,http://commons.wikimedia.org/wiki/Special:FilePath/Adam%20i%20Tadeusz%20Mi%C5%82ob%C4%99dzcy%20gr%C3%B3b.JPG
http://www.wikidata.org/entity/Q8863746,Stanisław Niewiadomski,Stanisław Niewiadomski,http://www.wikidata.org/entity/Q168886,Cmentarz Powązkowski w Warszawie,1928-10-02T00:00:00Z,2008-02-23T00:00:00Z,
http://www.wikidata.org/entity/Q8863819,Tadeusz Wacław Nowacki,Tadeusz Wacław Nowacki,http://www.wikidata.org/entity/Q168886,Cmentarz Powązkowski w Warszawie,1913-11-25T00:00:00Z,2011-09-26T00:00:00Z,http://commons.wikimedia.org/wiki/Special:FilePath/Tadeusz%20Wac%C5%82aw%20Nowacki%20-%20gr%C3%B3b.jpg
http://www.wikidata.org/entity/Q433828,Sławomir Szwedowski,Sławomir Szwedowski,http://www.wikidata.org/entity/Q168886,Cmentarz Powązkowski w Warszawie,1928-01-01T00:00:00Z,2000-03-21T00:00:00Z,http://commons.wikimedia.org/wiki/Special:FilePath/PL%20Warsaw%20Stare%20Pow%C4%85zki%20Szwedowski.jpg
http://www.wikidata.org/entity/Q447814,Joanna Chmielewska,Joanna Chmielewska,http://www.wikidata.org/entity/Q168886,Cmentarz Powązkowski w Warszawie,1932-04-02T00:00:00Z,2013-10-07T00:00:00Z,http://commons.wikimedia.org/wiki/Special:FilePath/Irena%20Kuhn%20vel%20Joanna%20Chmielewska%20-%20gr%C3%B3b.jpg
http://www.wikidata.org/entity/Q447814,Joanna Chmielewska,Joanna Chmielewska,http://www.wikidata.org/entity/Q168886,Cmentarz Powązkowski w Warszawie,1932-04-02T00:00:00Z,2013-10-07T00:00:00Z,http://commons.wikimedia.org/wiki/Special:FilePath/Irena%20Kuhn%20vel%20Joanna%20Chmielewska%20-%20gr%C3%B3b.jpg
http://www.wikidata.org/entity/Q470954,Władysław Grabski,Władysław Dominik Grabski,http://www.wikidata.org/entity/Q168886,Cmentarz Powązkowski w Warszawie,1874-07-07T00:00:00Z,1938-03-01T00:00:00Z,http://commons.wikimedia.org/wiki/Special:FilePath/Nagrobek.wladyslaw.grabski.01.jpg
http://www.wikidata.org/entity/Q508891,Mieczysław Karłowicz,Mieczysław Karłowicz,http://www.wikidata.org/entity/Q168886,Cmentarz Powązkowski w Warszawie,1876-12-11T00:00:00Z,1909-02-08T00:00:00Z,
http://www.wikidata.org/entity/Q508990,Jan Brzechwa,Jan Brzechwa,http://www.wikidata.org/entity/Q168886,Cmentarz Powązkowski w Warszawie,1898-08-15T00:00:00Z,1966-07-02T00:00:00Z,
http://www.wikidata.org/entity/Q508990,Jan Brzechwa,Jan Brzechwa,http://www.wikidata.org/entity/Q168886,Cmentarz Powązkowski w Warszawie,1900-08-15T00:00:00Z,1966-07-02T00:00:00Z,
http://www.wikidata.org/entity/Q532700,Aleksandra Śląska,Aleksandra Śląska,http://www.wikidata.org/entity/Q168886,Cmentarz Powązkowski w Warszawie,1925-11-04T00:00:00Z,1989-09-18T00:00:00Z,http://commons.wikimedia.org/wiki/Special:FilePath/Nagrobek%20aleksandra%20slaska.JPG
http://www.wikidata.org/entity/Q551607,Bolesław Piasecki,Bolesław Piasecki,http://www.wikidata.org/entity/Q168886,Cmentarz Powązkowski w Warszawie,1915-02-18T00:00:00Z,1979-01-01T00:00:00Z,
http://www.wikidata.org/entity/Q552957,Stefan Meller,Stefan Meller,http://www.wikidata.org/entity/Q168886,Cmentarz Powązkowski w Warszawie,1942-07-04T00:00:00Z,2008-02-04T00:00:00Z,http://commons.wikimedia.org/wiki/Special:FilePath/Stefan%20Meller%20gr%C3%B3b.JPG
http://www.wikidata.org/entity/Q570170,Józef Szajna,Józef Szajna,http://www.wikidata.org/entity/Q168886,Cmentarz Powązkowski w Warszawie,1922-03-13T00:00:00Z,2008-06-24T00:00:00Z,http://commons.wikimedia.org/wiki/Special:FilePath/J%C3%B3zef%20Szajna%20%28gr%C3%B3b%29%201.JPG
http://www.wikidata.org/entity/Q570170,Józef Szajna,Józef Szajna,http://www.wikidata.org/entity/Q168886,Cmentarz Powązkowski w Warszawie,1922-05-13T00:00:00Z,2008-06-24T00:00:00Z,http://commons.wikimedia.org/wiki/Special:FilePath/J%C3%B3zef%20Szajna%20%28gr%C3%B3b%29%201.JPG
http://www.wikidata.org/entity/Q570170,Józef Szajna,Józef Szajna,http://www.wikidata.org/entity/Q168886,Cmentarz Powązkowski w Warszawie,1922-03-13T00:00:00Z,2008-06-24T00:00:00Z,http://commons.wikimedia.org/wiki/Special:FilePath/J%C3%B3zef%20Szajna%20%28gr%C3%B3b%29%202.JPG
http://www.wikidata.org/entity/Q570170,Józef Szajna,Józef Szajna,http://www.wikidata.org/entity/Q168886,Cmentarz Powązkowski w Warszawie,1922-05-13T00:00:00Z,2008-06-24T00:00:00Z,http://commons.wikimedia.org/wiki/Special:FilePath/J%C3%B3zef%20Szajna%20%28gr%C3%B3b%29%202.JPG
http://www.wikidata.org/entity/Q594023,Andrzej Janikowski,Andrzej Janikowski,http://www.wikidata.org/entity/Q168886,Cmentarz Powązkowski w Warszawie,1799-11-13T00:00:00Z,1864-12-04T00:00:00Z,
http://www.wikidata.org/entity/Q594023,Andrzej Janikowski,Andrzej Janikowski,http://www.wikidata.org/entity/Q168886,Cmentarz Powązkowski w Warszawie,1799-11-23T00:00:00Z,1864-12-04T00:00:00Z,
http://www.wikidata.org/entity/Q597958,Antoni Ponikowski,Antoni Ponikowski,http://www.wikidata.org/entity/Q168886,Cmentarz Powązkowski w Warszawie,1878-05-29T00:00:00Z,1949-12-27T00:00:00Z,
http://www.wikidata.org/entity/Q610355,Jan Kułakowski,Jan Kułakowski,http://www.wikidata.org/entity/Q168886,Cmentarz Powązkowski w Warszawie,1930-08-25T00:00:00Z,2011-06-25T00:00:00Z,
http://www.wikidata.org/entity/Q616945,Maciej Kuroń,Maciej Kuroń,http://www.wikidata.org/entity/Q168886,Cmentarz Powązkowski w Warszawie,1960-03-08T00:00:00Z,2008-12-25T00:00:00Z,
http://www.wikidata.org/entity/Q651253,Mikołaj Chopin,Nicolas Chopin,http://www.wikidata.org/entity/Q168886,Cmentarz Powązkowski w Warszawie,1771-04-15T00:00:00Z,1844-05-03T00:00:00Z,
http://www.wikidata.org/entity/Q704005,Marek Hłasko,Marek Hłasko,http://www.wikidata.org/entity/Q168886,Cmentarz Powązkowski w Warszawie,1934-01-13T00:00:00Z,1969-06-14T00:00:00Z,http://commons.wikimedia.org/wiki/Special:FilePath/Marek%20H%C5%82asko%20%28gr%C3%B3b%29.JPG
http://www.wikidata.org/entity/Q704005,Marek Hłasko,Marek Hłasko,http://www.wikidata.org/entity/Q168886,Cmentarz Powązkowski w Warszawie,1934-01-14T00:00:00Z,1969-06-14T00:00:00Z,http://commons.wikimedia.org/wiki/Special:FilePath/Marek%20H%C5%82asko%20%28gr%C3%B3b%29.JPG
http://www.wikidata.org/entity/Q715049,Artur Śliwiński,Artur Śliwiński,http://www.wikidata.org/entity/Q168886,Cmentarz Powązkowski w Warszawie,1877-08-17T00:00:00Z,1953-01-16T00:00:00Z,
http://www.wikidata.org/entity/Q722162,Tadeusz Sołtyk,Tadeusz Sołtyk,http://www.wikidata.org/entity/Q168886,Cmentarz Powązkowski w Warszawie,1909-08-30T00:00:00Z,2004-07-14T00:00:00Z,http://commons.wikimedia.org/wiki/Special:FilePath/POL%20Warsaw%20Pow%C4%85zki%20So%C5%82tyk.jpg
http://www.wikidata.org/entity/Q739476,Wacław Święcicki,Wacław Święcicki,http://www.wikidata.org/entity/Q168886,Cmentarz Powązkowski w Warszawie,1848-09-26T00:00:00Z,1900-10-26T00:00:00Z,http://commons.wikimedia.org/wiki/Special:FilePath/Wac%C5%82aw%20%C5%9Awi%C4%99cicki%20gr%C3%B3b.JPG
http://www.wikidata.org/entity/Q826817,Józef Szczepański,Józef Szczepański,http://www.wikidata.org/entity/Q168886,Cmentarz Powązkowski w Warszawie,1922-11-30T00:00:00Z,1944-09-10T00:00:00Z,
http://www.wikidata.org/entity/Q835577,Jan Nowak-Jeziorański,Jan Nowak-Jeziorański,http://www.wikidata.org/entity/Q168886,Cmentarz Powązkowski w Warszawie,1913-01-01T00:00:00Z,2005-01-20T00:00:00Z,http://commons.wikimedia.org/wiki/Special:FilePath/Jan%20Nowak-Jeziora%C5%84ski%20-%20gr%C3%B3b.jpg
http://www.wikidata.org/entity/Q835577,Jan Nowak-Jeziorański,Jan Nowak-Jeziorański,http://www.wikidata.org/entity/Q168886,Cmentarz Powązkowski w Warszawie,1914-10-03T00:00:00Z,2005-01-20T00:00:00Z,http://commons.wikimedia.org/wiki/Special:FilePath/Jan%20Nowak-Jeziora%C5%84ski%20-%20gr%C3%B3b.jpg
http://www.wikidata.org/entity/Q9388465,Zbigniew Żebrowski,Zbigniew Żebrowski,http://www.wikidata.org/entity/Q168886,Cmentarz Powązkowski w Warszawie,1919-02-13T00:00:00Z,2012-04-26T00:00:00Z,http://commons.wikimedia.org/wiki/Special:FilePath/Zbigniew%20%C5%BBebrowski%20%28gr%C3%B3b%29.JPG
http://www.wikidata.org/entity/Q9389897,Zdzisław Wilhelmi,Zdzisław Wilhelmi,http://www.wikidata.org/entity/Q168886,Cmentarz Powązkowski w Warszawie,1921-09-20T00:00:00Z,2013-12-27T00:00:00Z,http://commons.wikimedia.org/wiki/Special:FilePath/Zdzis%C5%82aw%20Wilhelmi%20gr%C3%B3b.JPG
http://www.wikidata.org/entity/Q9391740,Zofia Florczak,Zofia Florczak,http://www.wikidata.org/entity/Q168886,Cmentarz Powązkowski w Warszawie,1912-08-14T00:00:00Z,1996-12-05T00:00:00Z,
http://www.wikidata.org/entity/Q9392939,Zygmunt Komorowski,Zygmunt Komorowski,http://www.wikidata.org/entity/Q168886,Cmentarz Powązkowski w Warszawie,1925-04-11T00:00:00Z,1992-09-27T00:00:00Z,http://commons.wikimedia.org/wiki/Special:FilePath/Zygmunt%20Komorowski%20gr%C3%B3b.JPG
http://www.wikidata.org/entity/Q10965994,Jan Chęciński,Jan Konstanty Chęciński,http://www.wikidata.org/entity/Q168886,Cmentarz Powązkowski w Warszawie,1826-12-22T00:00:00Z,1874-12-30T00:00:00Z,
http://www.wikidata.org/entity/Q11696054,Edmund Bartłomiejczyk,Edmund Bartłomiejczyk,http://www.wikidata.org/entity/Q168886,Cmentarz Powązkowski w Warszawie,1885-01-01T00:00:00Z,1950-01-01T00:00:00Z,
http://www.wikidata.org/entity/Q11698707,Franciszek Potocki (1788-1853),Franciszek Ksawery Potocki,http://www.wikidata.org/entity/Q168886,Cmentarz Powązkowski w Warszawie,1788-06-02T00:00:00Z,1853-01-16T00:00:00Z,
http://www.wikidata.org/entity/Q11713851,Irena Sławińska,Irena Sławińska,http://www.wikidata.org/entity/Q168886,Cmentarz Powązkowski w Warszawie,1913-08-30T00:00:00Z,2004-01-18T00:00:00Z,http://commons.wikimedia.org/wiki/Special:FilePath/Irena%20Slawinska%20monument.JPG
http://www.wikidata.org/entity/Q55743,Jacek Kuroń,Jacek Kuroń,http://www.wikidata.org/entity/Q168886,Cmentarz Powązkowski w Warszawie,1934-03-03T00:00:00Z,2004-06-16T00:00:00Z,
http://www.wikidata.org/entity/Q55743,Jacek Kuroń,Jacek Kuroń,http://www.wikidata.org/entity/Q168886,Cmentarz Powązkowski w Warszawie,1934-03-03T00:00:00Z,2004-06-17T00:00:00Z,
http://www.wikidata.org/entity/Q55761,Irena Kwiatkowska,Irena Kwiatkowska,http://www.wikidata.org/entity/Q168886,Cmentarz Powązkowski w Warszawie,1912-09-17T00:00:00Z,2011-03-03T00:00:00Z,http://commons.wikimedia.org/wiki/Special:FilePath/Gr%C3%B3b%20Ireny%20Kwiatkowskiej%20Stare%20Pow%C4%85zki%202018.jpg
http://www.wikidata.org/entity/Q55844,Stanisław Wojciechowski,Stanisław Wojciechowski,http://www.wikidata.org/entity/Q168886,Cmentarz Powązkowski w Warszawie,1869-03-15T00:00:00Z,1953-04-09T00:00:00Z,
http://www.wikidata.org/entity/Q117305,Wojciech Rubinowicz,Wojciech Rubinowicz,http://www.wikidata.org/entity/Q168886,Cmentarz Powązkowski w Warszawie,1889-02-22T00:00:00Z,1974-10-13T00:00:00Z,http://commons.wikimedia.org/wiki/Special:FilePath/Gr%C3%B3b%20rodziny%20Rubinowicz%C3%B3w.jpg
http://www.wikidata.org/entity/Q130407,Władysław Grabowski,Władysław Grabowski,http://www.wikidata.org/entity/Q168886,Cmentarz Powązkowski w Warszawie,1883-06-01T00:00:00Z,1961-07-06T00:00:00Z,
http://www.wikidata.org/entity/Q144439,Bolesław Prus,Aleksander Głowacki,http://www.wikidata.org/entity/Q168886,Cmentarz Powązkowski w Warszawie,1847-08-20T00:00:00Z,1912-05-19T00:00:00Z,http://commons.wikimedia.org/wiki/Special:FilePath/Grave%20of%20Boles%C5%82aw%20Prus%20-%2002.jpg
http://www.wikidata.org/entity/Q151932,Irena Sendlerowa,Irena Sendler,http://www.wikidata.org/entity/Q168886,Cmentarz Powązkowski w Warszawie,1910-02-15T00:00:00Z,2008-05-12T00:00:00Z,http://commons.wikimedia.org/wiki/Special:FilePath/Irena%20Sendler%20grave%20Powazki%20Cemetery%20in%20Warsaw%202016.JPG
http://www.wikidata.org/entity/Q156472,Witold Lutosławski,Witold Lutosławski,http://www.wikidata.org/entity/Q168886,Cmentarz Powązkowski w Warszawie,1913-01-25T00:00:00Z,1994-02-07T00:00:00Z,http://commons.wikimedia.org/wiki/Special:FilePath/Witold%20Lutos%C5%82awski%20-%20gr%C3%B3b.jpg
http://www.wikidata.org/entity/Q161363,Zbigniew Herbert,Zbigniew Herbert,http://www.wikidata.org/entity/Q168886,Cmentarz Powązkowski w Warszawie,1924-10-29T00:00:00Z,1998-07-28T00:00:00Z,http://commons.wikimedia.org/wiki/Special:FilePath/Zbigniew%20Herbert%20monument.JPG
http://www.wikidata.org/entity/Q170356,Tadeusz Komorowski,Tadeusz Komorowski,http://www.wikidata.org/entity/Q168886,Cmentarz Powązkowski w Warszawie,1895-06-01T00:00:00Z,1966-08-24T00:00:00Z,
http://www.wikidata.org/entity/Q189739,Zenon Przesmycki,Zenon Przesmycki,http://www.wikidata.org/entity/Q168886,Cmentarz Powązkowski w Warszawie,1861-12-22T00:00:00Z,1944-10-17T00:00:00Z,
http://www.wikidata.org/entity/Q208868,Andrzej Stelmachowski,Andrzej Stelmachowski,http://www.wikidata.org/entity/Q168886,Cmentarz Powązkowski w Warszawie,1925-01-28T00:00:00Z,2009-04-06T00:00:00Z,
http://www.wikidata.org/entity/Q217750,Violetta Villas,Violetta Villas,http://www.wikidata.org/entity/Q168886,Cmentarz Powązkowski w Warszawie,1938-06-10T00:00:00Z,2011-12-05T00:00:00Z,
http://www.wikidata.org/entity/Q223230,Leopold Staff,Leopold Staff,http://www.wikidata.org/entity/Q168886,Cmentarz Powązkowski w Warszawie,1878-11-14T00:00:00Z,1957-05-31T00:00:00Z,http://commons.wikimedia.org/wiki/Special:FilePath/PL%20Warsaw%20Stare%20Pow%C4%85zki%20leopold%20staff.jpg
http://www.wikidata.org/entity/Q245332,Zygmunt Gloger,Zygmunt Gloger,http://www.wikidata.org/entity/Q168886,Cmentarz Powązkowski w Warszawie,1845-11-03T00:00:00Z,1910-08-16T00:00:00Z,
http://www.wikidata.org/entity/Q245762,Wiesław Chrzanowski,Wiesław Chrzanowski,http://www.wikidata.org/entity/Q168886,Cmentarz Powązkowski w Warszawie,1923-12-20T00:00:00Z,2012-04-29T00:00:00Z,
http://www.wikidata.org/entity/Q245803,Wacław Makowski,Wacław Makowski,http://www.wikidata.org/entity/Q168886,Cmentarz Powązkowski w Warszawie,1880-11-15T00:00:00Z,1942-12-28T00:00:00Z,http://commons.wikimedia.org/wiki/Special:FilePath/Wac%C5%82aw%20Makowski%2C%20Maria%20Makowska%2C%20Anna%20Staniszkis-Makowskia%20%28gr%C3%B3b%29.JPG
http://www.wikidata.org/entity/Q248935,Stefan Bryła,Stefan Bryła,http://www.wikidata.org/entity/Q168886,Cmentarz Powązkowski w Warszawie,1886-08-17T00:00:00Z,1943-12-03T00:00:00Z,
http://www.wikidata.org/entity/Q284544,Wacław Jędrzejewicz,Wacław Jędrzejewicz,http://www.wikidata.org/entity/Q168886,Cmentarz Powązkowski w Warszawie,1893-01-29T00:00:00Z,1993-11-30T00:00:00Z,
http://www.wikidata.org/entity/Q290902,Wojciech Bogusławski,Wojciech Romuald Bogusławski,http://www.wikidata.org/entity/Q168886,Cmentarz Powązkowski w Warszawie,1757-04-09T00:00:00Z,1829-07-23T00:00:00Z,
http://www.wikidata.org/entity/Q297206,Wacław Sierpiński,Wacław Sierpiński,http://www.wikidata.org/entity/Q168886,Cmentarz Powązkowski w Warszawie,1882-03-14T00:00:00Z,1969-10-21T00:00:00Z,
http://www.wikidata.org/entity/Q310594,Ignacy Mościcki,Ignacy Mościcki,http://www.wikidata.org/entity/Q168886,Cmentarz Powązkowski w Warszawie,1867-12-01T00:00:00Z,1946-10-02T00:00:00Z,http://commons.wikimedia.org/wiki/Special:FilePath/PL%20Warsaw%20Stare%20Pow%C4%85zki%20ignacy%20mo%C5%9Bcicki.jpg
http://www.wikidata.org/entity/Q310594,Ignacy Mościcki,Ignacy Mościcki,http://www.wikidata.org/entity/Q168886,Cmentarz Powązkowski w Warszawie,1867-12-01T00:00:00Z,1946-10-02T00:00:00Z,http://commons.wikimedia.org/wiki/Special:FilePath/Warszawa%2C%20katedra%20sw.%20Jana%2C%20Ignacy%20Moscicki.jpg
http://www.wikidata.org/entity/Q312185,Edward Gierek,Edward Gierek,http://www.wikidata.org/entity/Q168886,Cmentarz Powązkowski w Warszawie,1913-01-06T00:00:00Z,2001-07-29T00:00:00Z,
http://www.wikidata.org/entity/Q315691,Witold Pilecki,Witold Pilecki,http://www.wikidata.org/entity/Q168886,Cmentarz Powązkowski w Warszawie,1901-05-13T00:00:00Z,1948-05-25T00:00:00Z,
http://www.wikidata.org/entity/Q317587,Kazimierz Pużak,Kazimierz Pużak,http://www.wikidata.org/entity/Q168886,Cmentarz Powązkowski w Warszawie,1883-08-26T00:00:00Z,1950-04-13T00:00:00Z,
http://www.wikidata.org/entity/Q324659,Kazimierz Świtalski,Kazimierz Świtalski,http://www.wikidata.org/entity/Q168886,Cmentarz Powązkowski w Warszawie,1886-03-04T00:00:00Z,1962-12-28T00:00:00Z,
http://www.wikidata.org/entity/Q325993,Kazimierz Ajdukiewicz,Kazimierz Ajdukiewicz,http://www.wikidata.org/entity/Q168886,Cmentarz Powązkowski w Warszawie,1890-12-12T00:00:00Z,1963-04-12T00:00:00Z,http://commons.wikimedia.org/wiki/Special:FilePath/Kazimierz%20Ajdukiewicz%20gr%C3%B3b.JPG
http://www.wikidata.org/entity/Q331425,Agaton Giller,Agaton Giller,http://www.wikidata.org/entity/Q168886,Cmentarz Powązkowski w Warszawie,1831-01-09T00:00:00Z,1887-07-12T00:00:00Z,http://commons.wikimedia.org/wiki/Special:FilePath/Tomb%20monument%20to%20Agaton%20Giller%20at%20cemetery%20in%20Stanis%C5%82aw%C3%B3w%20%281907%29.jpg
http://www.wikidata.org/entity/Q331425,Agaton Giller,Agaton Giller,http://www.wikidata.org/entity/Q168886,Cmentarz Powązkowski w Warszawie,1831-01-09T00:00:00Z,1887-07-17T00:00:00Z,http://commons.wikimedia.org/wiki/Special:FilePath/Tomb%20monument%20to%20Agaton%20Giller%20at%20cemetery%20in%20Stanis%C5%82aw%C3%B3w%20%281907%29.jpg
http://www.wikidata.org/entity/Q331425,Agaton Giller,Agaton Giller,http://www.wikidata.org/entity/Q168886,Cmentarz Powązkowski w Warszawie,1831-01-09T00:00:00Z,1887-07-18T00:00:00Z,http://commons.wikimedia.org/wiki/Special:FilePath/Tomb%20monument%20to%20Agaton%20Giller%20at%20cemetery%20in%20Stanis%C5%82aw%C3%B3w%20%281907%29.jpg
http://www.wikidata.org/entity/Q347767,Jerzy Andrzejewski,Jerzy Andrzejewski,http://www.wikidata.org/entity/Q168886,Cmentarz Powązkowski w Warszawie,1909-08-19T00:00:00Z,1983-04-19T00:00:00Z,http://commons.wikimedia.org/wiki/Special:FilePath/Jerzy%20Andrzejewski%20monument.JPG
http://www.wikidata.org/entity/Q347767,Jerzy Andrzejewski,Jerzy Andrzejewski,http://www.wikidata.org/entity/Q168886,Cmentarz Powązkowski w Warszawie,1909-08-19T00:00:00Z,1983-04-20T00:00:00Z,http://commons.wikimedia.org/wiki/Special:FilePath/Jerzy%20Andrzejewski%20monument.JPG
http://www.wikidata.org/entity/Q367832,Kazimierz Alchimowicz,Kazimierz Alchimowicz,http://www.wikidata.org/entity/Q168886,Cmentarz Powązkowski w Warszawie,1840-12-20T00:00:00Z,1916-12-31T00:00:00Z,
http://www.wikidata.org/entity/Q428422,Hanka Bielicka,Hanka Bielicka,http://www.wikidata.org/entity/Q168886,Cmentarz Powązkowski w Warszawie,1915-11-09T00:00:00Z,2006-03-09T00:00:00Z,http://commons.wikimedia.org/wiki/Special:FilePath/Bielicka%20gravestone%20ab.jpg
http://www.wikidata.org/entity/Q935370,Julia Hartwig,Julia Hartwig,http://www.wikidata.org/entity/Q168886,Cmentarz Powązkowski w Warszawie,1921-08-14T00:00:00Z,2017-07-14T00:00:00Z,
http://www.wikidata.org/entity/Q983807,Eligiusz Niewiadomski,Eligiusz Niewiadomski,http://www.wikidata.org/entity/Q168886,Cmentarz Powązkowski w Warszawie,1869-12-01T00:00:00Z,1923-01-31T00:00:00Z,http://commons.wikimedia.org/wiki/Special:FilePath/Warszawa%209029.jpg
http://www.wikidata.org/entity/Q1038450,Józef Pankiewicz,Józef Pankiewicz,http://www.wikidata.org/entity/Q168886,Cmentarz Powązkowski w Warszawie,1866-11-29T00:00:00Z,1940-07-04T00:00:00Z,
http://www.wikidata.org/entity/Q1149599,Czesław Białobrzeski,Czesław Białobrzeski,http://www.wikidata.org/entity/Q168886,Cmentarz Powązkowski w Warszawie,1878-08-31T00:00:00Z,1953-10-12T00:00:00Z,
http://www.wikidata.org/entity/Q1151283,Antoni Kamieński,Antoni Kamieński,http://www.wikidata.org/entity/Q168886,Cmentarz Powązkowski w Warszawie,1860-07-21T00:00:00Z,1933-09-12T00:00:00Z,
http://www.wikidata.org/entity/Q1298823,Stefan Kisielewski,Stefan Kisielewski,http://www.wikidata.org/entity/Q168886,Cmentarz Powązkowski w Warszawie,1911-03-07T00:00:00Z,1991-09-27T00:00:00Z,http://commons.wikimedia.org/wiki/Special:FilePath/Stefan%20and%20Wac%C5%82aw%20Kisielewski%20monument.JPG
http://www.wikidata.org/entity/Q1358456,Witold Rowicki,Witold Rowicki,http://www.wikidata.org/entity/Q168886,Cmentarz Powązkowski w Warszawie,1914-02-26T00:00:00Z,1989-10-01T00:00:00Z,
http://www.wikidata.org/entity/Q1358456,Witold Rowicki,Witold Rowicki,http://www.wikidata.org/entity/Q168886,Cmentarz Powązkowski w Warszawie,1914-02-26T00:00:00Z,1989-10-02T00:00:00Z,
http://www.wikidata.org/entity/Q1589146,Emil Młynarski,Emil Szymon Młynarski,http://www.wikidata.org/entity/Q168886,Cmentarz Powązkowski w Warszawie,1870-07-18T00:00:00Z,1935-04-05T00:00:00Z,
http://www.wikidata.org/entity/Q1720300,Stanisław Jerzy Komorowski,Stanisław Jerzy Komorowski,http://www.wikidata.org/entity/Q168886,Cmentarz Powązkowski w Warszawie,1953-12-18T00:00:00Z,2010-04-10T00:00:00Z,http://commons.wikimedia.org/wiki/Special:FilePath/Stanis%C5%82aw%20Komorowski%20gr%C3%B3b.jpg
http://www.wikidata.org/entity/Q1894598,Marek Kwiatkowski,Marek Kwiatkowski,http://www.wikidata.org/entity/Q168886,Cmentarz Powązkowski w Warszawie,1930-04-25T00:00:00Z,2016-08-10T00:00:00Z,http://commons.wikimedia.org/wiki/Special:FilePath/Marek%20Kwiatkowski%20%28gr%C3%B3b%29%2001.jpg
http://www.wikidata.org/entity/Q2031673,Zbigniew Drzewiecki,Zbigniew Drzewiecki,http://www.wikidata.org/entity/Q168886,Cmentarz Powązkowski w Warszawie,1890-04-08T00:00:00Z,1971-04-11T00:00:00Z,
http://www.wikidata.org/entity/Q2327128,Stanisław Grabski,Stanisław Grabski,http://www.wikidata.org/entity/Q168886,Cmentarz Powązkowski w Warszawie,1871-04-05T00:00:00Z,1949-05-06T00:00:00Z,http://commons.wikimedia.org/wiki/Special:FilePath/Nagrobek.wladyslaw.grabski.01.jpg
http://www.wikidata.org/entity/Q2338973,Józef Korzeniowski,Józef Korzeniowski,http://www.wikidata.org/entity/Q168886,Cmentarz Powązkowski w Warszawie,1797-03-19T00:00:00Z,1863-09-17T00:00:00Z,
http://www.wikidata.org/entity/Q2351227,Wacław Kisielewski,Wacław Kisielewski,http://www.wikidata.org/entity/Q168886,Cmentarz Powązkowski w Warszawie,1943-02-12T00:00:00Z,1986-07-12T00:00:00Z,http://commons.wikimedia.org/wiki/Special:FilePath/Stefan%20and%20Wac%C5%82aw%20Kisielewski%20monument.JPG
http://www.wikidata.org/entity/Q2441886,Wacław Berent,Wacław Berent,http://www.wikidata.org/entity/Q168886,Cmentarz Powązkowski w Warszawie,1873-09-28T00:00:00Z,1940-11-20T00:00:00Z,
http://www.wikidata.org/entity/Q2441886,Wacław Berent,Wacław Berent,http://www.wikidata.org/entity/Q168886,Cmentarz Powązkowski w Warszawie,1873-09-28T00:00:00Z,1940-11-22T00:00:00Z,
http://www.wikidata.org/entity/Q2628039,Józef Kowalewski,Józef Szczepan Kowalewski,http://www.wikidata.org/entity/Q168886,Cmentarz Powązkowski w Warszawie,1800-01-20T00:00:00Z,1878-11-01T00:00:00Z,
http://www.wikidata.org/entity/Q2790182,Józef Bielawski,Józef Bielawski,http://www.wikidata.org/entity/Q168886,Cmentarz Powązkowski w Warszawie,1910-08-12T00:00:00Z,1997-09-19T00:00:00Z,
http://www.wikidata.org/entity/Q2832516,Aleksander Gieysztor,Aleksander Gieysztor,http://www.wikidata.org/entity/Q168886,Cmentarz Powązkowski w Warszawie,1916-07-17T00:00:00Z,1999-02-09T00:00:00Z,
http://www.wikidata.org/entity/Q2846996,Tomasz Łubieński,Andrzej Tomasz Łubieński,http://www.wikidata.org/entity/Q168886,Cmentarz Powązkowski w Warszawie,1784-11-24T00:00:00Z,1870-08-27T00:00:00Z,
http://www.wikidata.org/entity/Q3187274,Józef Waśniewski,Józef Waśniewski,http://www.wikidata.org/entity/Q168886,Cmentarz Powązkowski w Warszawie,1858-06-03T00:00:00Z,1897-02-19T00:00:00Z,
http://www.wikidata.org/entity/Q3237641,Wacław Wąsowicz,Wacław Wąsowicz,http://www.wikidata.org/entity/Q168886,Cmentarz Powązkowski w Warszawie,1891-01-01T00:00:00Z,1942-10-06T00:00:00Z,
http://www.wikidata.org/entity/Q3489595,Jerzy Krzysztoń,Jerzy Krzysztoń,http://www.wikidata.org/entity/Q168886,Cmentarz Powązkowski w Warszawie,1931-03-23T00:00:00Z,1982-05-16T00:00:00Z,http://commons.wikimedia.org/wiki/Special:FilePath/Jerzy%20Krzyszton%20monument.JPG
http://www.wikidata.org/entity/Q3490171,Zbigniew Zaleski,Zbigniew Zaleski,http://www.wikidata.org/entity/Q168886,Cmentarz Powązkowski w Warszawie,1947-04-29T00:00:00Z,2019-08-31T00:00:00Z,
http://www.wikidata.org/entity/Q3504441,Józef Warszawski,Józef Warszawski,http://www.wikidata.org/entity/Q168886,Cmentarz Powązkowski w Warszawie,1903-03-09T00:00:00Z,1997-11-01T00:00:00Z,http://commons.wikimedia.org/wiki/Special:FilePath/Grobowiec%20Zgromadzenia%20Jezuit%C3%B3w%20%28Cmentarz%20Pow%C4%85zkowski%29.JPG
http://www.wikidata.org/entity/Q3622841,Stefan Jaracz,Stefan Jaracz,http://www.wikidata.org/entity/Q168886,Cmentarz Powązkowski w Warszawie,1883-12-24T00:00:00Z,1945-08-11T00:00:00Z,
http://www.wikidata.org/entity/Q3646655,Melchior Wańkowicz,Melchior Wańkowicz,http://www.wikidata.org/entity/Q168886,Cmentarz Powązkowski w Warszawie,1892-01-10T00:00:00Z,1974-09-10T00:00:00Z,
http://www.wikidata.org/entity/Q56255952,Bronisław Chojnowski,Bronisław Chojnowski,http://www.wikidata.org/entity/Q168886,Cmentarz Powązkowski w Warszawie,1836-05-15T00:00:00Z,1870-04-18T00:00:00Z,http://commons.wikimedia.org/wiki/Special:FilePath/Bronis%C5%82aw%20Chojnowski%20gr%C3%B3b.jpg
http://www.wikidata.org/entity/Q60693691,Jerzy Jaruzelski,Jerzy Jaruzelski,http://www.wikidata.org/entity/Q168886,Cmentarz Powązkowski w Warszawie,1931-01-01T00:00:00Z,2019-01-04T00:00:00Z,
http://www.wikidata.org/entity/Q60693691,Jerzy Jaruzelski,Jerzy Jaruzelski,http://www.wikidata.org/entity/Q168886,Cmentarz Powązkowski w Warszawie,1931-02-12T00:00:00Z,2019-01-04T00:00:00Z,
http://www.wikidata.org/entity/Q60835061,Zofia Falkowska,Zofia Falkowska,http://www.wikidata.org/entity/Q168886,Cmentarz Powązkowski w Warszawie,1915-06-02T00:00:00Z,1993-10-30T00:00:00Z,
http://www.wikidata.org/entity/Q61718259,Janusz Gęsicki,Janusz Gęsicki,http://www.wikidata.org/entity/Q168886,Cmentarz Powązkowski w Warszawie,1951-01-17T00:00:00Z,2019-01-28T00:00:00Z,http://commons.wikimedia.org/wiki/Special:FilePath/Janusz%20G%C4%99sicki%20gr%C3%B3b.jpg
http://www.wikidata.org/entity/Q63847527,Bronisław Gołębiowski,Bronisław Gołębiowski,http://www.wikidata.org/entity/Q168886,Cmentarz Powązkowski w Warszawie,1933-04-01T00:00:00Z,2019-04-26T00:00:00Z,http://commons.wikimedia.org/wiki/Special:FilePath/Bronis%C5%82aw%20Go%C5%82%C4%99biowski%20gr%C3%B3b.jpg
http://www.wikidata.org/entity/Q66084458,Wojciech Hensel,Wojciech Hensel,http://www.wikidata.org/entity/Q168886,Cmentarz Powązkowski w Warszawie,1943-10-24T00:00:00Z,1997-07-10T00:00:00Z,http://commons.wikimedia.org/wiki/Special:FilePath/Wojciech%20Hensel%20-%20Cmentarz%20Wojskowy%20na%20Pow%C4%85zkach%20%28206%29.JPG
http://www.wikidata.org/entity/Q81205820,Jerzy Bidziński,Jerzy Bidziński,http://www.wikidata.org/entity/Q168886,Cmentarz Powązkowski w Warszawie,1928-01-01T00:00:00Z,2019-12-30T00:00:00Z,
http://www.wikidata.org/entity/Q81761338,Bogumił Strzyżewski,Bogumił Strzyżewski,http://www.wikidata.org/entity/Q168886,Cmentarz Powązkowski w Warszawie,1933-01-01T00:00:00Z,2019-12-28T00:00:00Z,
http://www.wikidata.org/entity/Q84050180,Jerzy Śliwczyński,Jerzy Piotr Śliwczyński,http://www.wikidata.org/entity/Q168886,Cmentarz Powązkowski w Warszawie,1922-10-19T00:00:00Z,2012-01-02T00:00:00Z,
http://www.wikidata.org/entity/Q85133761,Leszek Ossowski,Leszek Ossowski,http://www.wikidata.org/entity/Q168886,Cmentarz Powązkowski w Warszawie,1905-04-01T00:00:00Z,1996-02-10T00:00:00Z,
http://www.wikidata.org/entity/Q8864124,Jan Pańczyk,Jan Pańczyk,http://www.wikidata.org/entity/Q168886,Cmentarz Powązkowski w Warszawie,1937-06-13T00:00:00Z,2007-10-16T00:00:00Z,http://commons.wikimedia.org/wiki/Special:FilePath/Jan%20Pa%C5%84czyk%20gr%C3%B3b.JPG
http://www.wikidata.org/entity/Q8864217,Zenon Pietkiewicz,Zenon Pietkiewicz,http://www.wikidata.org/entity/Q168886,Cmentarz Powązkowski w Warszawie,1862-05-27T00:00:00Z,1932-07-03T00:00:00Z,
http://www.wikidata.org/entity/Q8864353,Marceli Porowski,Marceli Porowski,http://www.wikidata.org/entity/Q168886,Cmentarz Powązkowski w Warszawie,1894-02-04T00:00:00Z,1963-10-21T00:00:00Z,
http://www.wikidata.org/entity/Q8864425,Jan Pruszyński,Jan Pruszyński,http://www.wikidata.org/entity/Q168886,Cmentarz Powązkowski w Warszawie,1941-05-12T00:00:00Z,2008-04-11T00:00:00Z,http://commons.wikimedia.org/wiki/Special:FilePath/Jan%20Pruszy%C5%84ski%20gr%C3%B3b.JPG
http://www.wikidata.org/entity/Q8864524,Wincenty Rapacki (ur. 1840),Wincenty Rapacki,http://www.wikidata.org/entity/Q168886,Cmentarz Powązkowski w Warszawie,1840-01-22T00:00:00Z,1924-01-12T00:00:00Z,http://commons.wikimedia.org/wiki/Special:FilePath/Boles%C5%82aw%20Leszczy%C5%84ski%20Wincenty%20Rapacki%20gr%C3%B3b.JPG
http://www.wikidata.org/entity/Q8864708,Arseniusz Romanowicz,Arseniusz Romanowicz,http://www.wikidata.org/entity/Q168886,Cmentarz Powązkowski w Warszawie,1910-08-30T00:00:00Z,2008-02-09T00:00:00Z,
http://www.wikidata.org/entity/Q8864951,Andrzej Siciński,Andrzej Siciński,http://www.wikidata.org/entity/Q168886,Cmentarz Powązkowski w Warszawie,1924-05-20T00:00:00Z,2006-09-26T00:00:00Z,http://commons.wikimedia.org/wiki/Special:FilePath/Andrzej%20Sici%C5%84ski%20gr%C3%B3b.JPG
http://www.wikidata.org/entity/Q8865218,Maria Stolzman,Maria Stolzman,http://www.wikidata.org/entity/Q168886,Cmentarz Powązkowski w Warszawie,1929-08-02T00:00:00Z,2010-11-26T00:00:00Z,http://commons.wikimedia.org/wiki/Special:FilePath/Maria%20Stolzman%20-%20gr%C3%B3b.jpg
http://www.wikidata.org/entity/Q8865447,Andrzej Szypulski,Andrzej Szypulski,http://www.wikidata.org/entity/Q168886,Cmentarz Powązkowski w Warszawie,1936-09-05T00:00:00Z,2011-01-25T00:00:00Z,http://commons.wikimedia.org/wiki/Special:FilePath/Andrzej%20Szypulski%20%28scenarzysta%29%20gr%C3%B3b%2001.jpg
http://www.wikidata.org/entity/Q8865455,Józef Śliwicki,Józef Śliwicki,http://www.wikidata.org/entity/Q168886,Cmentarz Powązkowski w Warszawie,1867-12-26T00:00:00Z,1944-10-07T00:00:00Z,http://commons.wikimedia.org/wiki/Special:FilePath/Felicja%20%C5%9Aliwicka%2C%20J%C3%B3zef%20%C5%9Aliwicki%20%28gr%C3%B3b%29.JPG
http://www.wikidata.org/entity/Q8865597,Witold Trzeciakowski,Witold Trzeciakowski,http://www.wikidata.org/entity/Q168886,Cmentarz Powązkowski w Warszawie,1926-02-06T00:00:00Z,2004-01-21T00:00:00Z,http://commons.wikimedia.org/wiki/Special:FilePath/Nagrobek%20witold%20trzeciakowski.JPG
http://www.wikidata.org/entity/Q8865738,Zbigniew Wasiutyński,Zbigniew Wasiutyński,http://www.wikidata.org/entity/Q168886,Cmentarz Powązkowski w Warszawie,1902-10-07T00:00:00Z,1974-01-27T00:00:00Z,http://commons.wikimedia.org/wiki/Special:FilePath/Aleksander%20Wasiuty%C5%84ski%20Zbigniew%20Wasiuty%C5%84ski%20gr%C3%B3b%2001.JPG
http://www.wikidata.org/entity/Q8865813,Jacek Przemysław Wiąckowski,Jacek Przemysław Wiąckowski,http://www.wikidata.org/entity/Q168886,Cmentarz Powązkowski w Warszawie,1931-06-18T00:00:00Z,2000-03-23T00:00:00Z,http://commons.wikimedia.org/wiki/Special:FilePath/Jacek%20Wi%C4%85ckowski%20gr%C3%B3b.jpg
http://www.wikidata.org/entity/Q8866111,Teresa Zielińska,Teresa Zielińska,http://www.wikidata.org/entity/Q168886,Cmentarz Powązkowski w Warszawie,1929-05-10T00:00:00Z,2010-02-15T00:00:00Z,http://commons.wikimedia.org/wiki/Special:FilePath/Teresa%20Zieli%C5%84ska%20gr%C3%B3b1.jpg
http://www.wikidata.org/entity/Q8866117,Jan Zieliński,Jan Zieliński,http://www.wikidata.org/entity/Q168886,Cmentarz Powązkowski w Warszawie,1930-05-28T00:00:00Z,2009-05-24T00:00:00Z,http://commons.wikimedia.org/wiki/Special:FilePath/Jan%20Zieli%C5%84ski%20gr%C3%B3b%2002.JPG
http://www.wikidata.org/entity/Q8866163,Zygmunt Przybylski,Zygmunt Przybylski,http://www.wikidata.org/entity/Q168886,Cmentarz Powązkowski w Warszawie,1856-05-02T00:00:00Z,1909-02-13T00:00:00Z,http://commons.wikimedia.org/wiki/Special:FilePath/Zygmunt%20Przybylski%20gr%C3%B3b.JPG
http://www.wikidata.org/entity/Q9140297,Adam Sobiczewski,Adam Sobiczewski,http://www.wikidata.org/entity/Q168886,Cmentarz Powązkowski w Warszawie,1931-08-21T00:00:00Z,2017-10-20T00:00:00Z,http://commons.wikimedia.org/wiki/Special:FilePath/Adam%20Sobiczewski%20gr%C3%B3b.jpg
http://www.wikidata.org/entity/Q9145215,Aleksander Bobkowski,Aleksander Bobkowski,http://www.wikidata.org/entity/Q168886,Cmentarz Powązkowski w Warszawie,1885-01-05T00:00:00Z,1966-03-01T00:00:00Z,
http://www.wikidata.org/entity/Q9154060,Andrzej Włodarczyk,Andrzej Włodarczyk,http://www.wikidata.org/entity/Q168886,Cmentarz Powązkowski w Warszawie,1952-11-13T00:00:00Z,2018-07-29T00:00:00Z,
http://www.wikidata.org/entity/Q9286019,Hanna Olechnowicz,Hanna Olechnowicz,http://www.wikidata.org/entity/Q168886,Cmentarz Powązkowski w Warszawie,1918-12-15T00:00:00Z,2013-07-03T00:00:00Z,
http://www.wikidata.org/entity/Q9311011,Robert Mroziewicz,Robert Mroziewicz,http://www.wikidata.org/entity/Q168886,Cmentarz Powązkowski w Warszawie,1942-09-20T00:00:00Z,2008-06-15T00:00:00Z,
http://www.wikidata.org/entity/Q9325073,Ryszard Łazarski,Ryszard Łazarski,http://www.wikidata.org/entity/Q168886,Cmentarz Powązkowski w Warszawie,1926-09-20T00:00:00Z,2000-04-08T00:00:00Z,http://commons.wikimedia.org/wiki/Special:FilePath/Ryszard%20%C5%81azarski%20gr%C3%B3b.JPG
http://www.wikidata.org/entity/Q9342558,Stanisław Mańkowski,Stanisław Mańkowski,http://www.wikidata.org/entity/Q168886,Cmentarz Powązkowski w Warszawie,1937-11-28T00:00:00Z,2018-03-31T00:00:00Z,
http://www.wikidata.org/entity/Q9359615,Tomasz Plebański,Tomasz Plebański,http://www.wikidata.org/entity/Q168886,Cmentarz Powązkowski w Warszawie,1930-09-11T00:00:00Z,1994-08-20T00:00:00Z,
http://www.wikidata.org/entity/Q9370142,Waldemar Dziak,Waldemar Jan Dziak,http://www.wikidata.org/entity/Q168886,Cmentarz Powązkowski w Warszawie,1952-01-07T00:00:00Z,2019-10-21T00:00:00Z,http://commons.wikimedia.org/wiki/Special:FilePath/Waldemar%20Jan%20Dziak%20gr%C3%B3b.jpg
http://www.wikidata.org/entity/Q9375080,Wincenty Okoń,Wincenty Okoń,http://www.wikidata.org/entity/Q168886,Cmentarz Powązkowski w Warszawie,1914-01-22T00:00:00Z,2011-10-18T00:00:00Z,http://commons.wikimedia.org/wiki/Special:FilePath/Wincenty%20Oko%C5%84%20gr%C3%B3b.jpg
http://www.wikidata.org/entity/Q9375080,Wincenty Okoń,Wincenty Okoń,http://www.wikidata.org/entity/Q168886,Cmentarz Powązkowski w Warszawie,1914-01-22T00:00:00Z,2011-10-18T00:00:00Z,http://commons.wikimedia.org/wiki/Special:FilePath/Wincenty%20Oko%C5%84%20-%20gr%C3%B3b.jpg
http://www.wikidata.org/entity/Q9375664,Witold Gutkowski,Witold Gutkowski,http://www.wikidata.org/entity/Q168886,Cmentarz Powązkowski w Warszawie,1928-09-13T00:00:00Z,2019-11-18T00:00:00Z,
http://www.wikidata.org/entity/Q9375789,Witold Nowacki,Witold Nowacki,http://www.wikidata.org/entity/Q168886,Cmentarz Powązkowski w Warszawie,1911-07-20T00:00:00Z,1986-08-23T00:00:00Z,http://commons.wikimedia.org/wiki/Special:FilePath/Witold%20Nowacki%20gr%C3%B3b.JPG
http://www.wikidata.org/entity/Q9387794,Zbigniew Brzoska,Zbigniew Brzoska,http://www.wikidata.org/entity/Q168886,Cmentarz Powązkowski w Warszawie,1916-09-27T00:00:00Z,1987-05-09T00:00:00Z,http://commons.wikimedia.org/wiki/Special:FilePath/Zbigniew%20Brzoska%20gr%C3%B3b.jpg
http://www.wikidata.org/entity/Q9387938,Zbigniew Ihnatowicz,Zbigniew Ihnatowicz,http://www.wikidata.org/entity/Q168886,Cmentarz Powązkowski w Warszawie,1906-07-20T00:00:00Z,1995-01-01T00:00:00Z,
http://www.wikidata.org/entity/Q9387983,Zbigniew Józef Kraszewski,Zbigniew Józef Kraszewski,http://www.wikidata.org/entity/Q168886,Cmentarz Powązkowski w Warszawie,1922-02-12T00:00:00Z,2004-04-04T00:00:00Z,http://commons.wikimedia.org/wiki/Special:FilePath/Zbigniew%20J%C3%B3zef%20Kraszewski%20-%20gr%C3%B3b.jpg
http://www.wikidata.org/entity/Q9388000,Zbigniew Karol Porczyński,Zbigniew Karol Porczyński,http://www.wikidata.org/entity/Q168886,Cmentarz Powązkowski w Warszawie,1919-04-07T00:00:00Z,1998-07-16T00:00:00Z,
http://www.wikidata.org/entity/Q11717334,Jan Drewnowski,Jan Drewnowski,http://www.wikidata.org/entity/Q168886,Cmentarz Powązkowski w Warszawie,1908-01-30T00:00:00Z,2000-12-16T00:00:00Z,http://commons.wikimedia.org/wiki/Special:FilePath/Jan%20Drewnowski%20gr%C3%B3b.jpg
http://www.wikidata.org/entity/Q11718728,Jan Podoski,Jan Podoski,http://www.wikidata.org/entity/Q168886,Cmentarz Powązkowski w Warszawie,1904-01-02T00:00:00Z,1998-11-24T00:00:00Z,
http://www.wikidata.org/entity/Q11719093,Jan Stefan Przyłuski,Jan Stefan Przyłuski,http://www.wikidata.org/entity/Q168886,Cmentarz Powązkowski w Warszawie,1930-10-20T00:00:00Z,1998-07-23T00:00:00Z,http://commons.wikimedia.org/wiki/Special:FilePath/Jan%20Stefan%20Przy%C5%82uski%20%28gr%C3%B3b%29.JPG
http://www.wikidata.org/entity/Q11720145,Janusz Frankowski,Janusz Frankowski,http://www.wikidata.org/entity/Q168886,Cmentarz Powązkowski w Warszawie,1928-09-24T00:00:00Z,2017-09-16T00:00:00Z,
http://www.wikidata.org/entity/Q11724479,Jerzy Ciemniewski,Jerzy Ciemniewski,http://www.wikidata.org/entity/Q168886,Cmentarz Powązkowski w Warszawie,1939-08-02T00:00:00Z,2018-01-11T00:00:00Z,
http://www.wikidata.org/entity/Q11724848,Jerzy Kondracki,Jerzy Kondracki,http://www.wikidata.org/entity/Q168886,Cmentarz Powązkowski w Warszawie,1908-11-01T00:00:00Z,1998-04-13T00:00:00Z,
http://www.wikidata.org/entity/Q11725083,Jerzy Mierzejewski,Jerzy Mierzejewski,http://www.wikidata.org/entity/Q168886,Cmentarz Powązkowski w Warszawie,1917-07-13T00:00:00Z,2012-06-14T00:00:00Z,http://commons.wikimedia.org/wiki/Special:FilePath/Jerzy%20Mierzejewski%20-%20gr%C3%B3b.jpg
http://www.wikidata.org/entity/Q11725290,Jerzy Regulski,Jerzy Regulski,http://www.wikidata.org/entity/Q168886,Cmentarz Powązkowski w Warszawie,1924-07-09T00:00:00Z,2015-02-12T00:00:00Z,http://commons.wikimedia.org/wiki/Special:FilePath/Jerzy%20Regulski%20gr%C3%B3b.JPG
http://www.wikidata.org/entity/Q11725461,Jerzy Strzelecki,Jerzy Strzelecki,http://www.wikidata.org/entity/Q168886,Cmentarz Powązkowski w Warszawie,1954-11-18T00:00:00Z,2016-09-11T00:00:00Z,
http://www.wikidata.org/entity/Q11736214,Karol Mrowiec,Karol Mrowiec,http://www.wikidata.org/entity/Q168886,Cmentarz Powązkowski w Warszawie,1919-10-24T00:00:00Z,2011-12-09T00:00:00Z,
http://www.wikidata.org/entity/Q11754448,Leon Łukaszewicz,Leon Łukaszewicz,http://www.wikidata.org/entity/Q168886,Cmentarz Powązkowski w Warszawie,1923-11-20T00:00:00Z,2013-03-05T00:00:00Z,
http://www.wikidata.org/entity/Q11765644,Maciej Stanisław Jankowski,Maciej Stanisław Jankowski,http://www.wikidata.org/entity/Q168886,Cmentarz Powązkowski w Warszawie,1946-07-13T00:00:00Z,2019-07-10T00:00:00Z,
http://www.wikidata.org/entity/Q11765716,Maciej Władysław Grabski,Maciej Władysław Grabski,http://www.wikidata.org/entity/Q168886,Cmentarz Powązkowski w Warszawie,1934-06-20T00:00:00Z,2016-02-12T00:00:00Z,http://commons.wikimedia.org/wiki/Special:FilePath/Grabscy%20rodzinny%20gr%C3%B3b.JPG
http://www.wikidata.org/entity/Q11768366,Marek Ostrowski,Marek Ostrowski,http://www.wikidata.org/entity/Q168886,Cmentarz Powązkowski w Warszawie,1947-01-01T00:00:00Z,2019-12-17T00:00:00Z,
http://www.wikidata.org/entity/Q11814174,Paweł Kosieradzki,Paweł Kosieradzki,http://www.wikidata.org/entity/Q168886,Cmentarz Powązkowski w Warszawie,1903-01-01T00:00:00Z,1994-01-01T00:00:00Z,
http://www.wikidata.org/entity/Q11817742,Piotr Lebiedziński,Piotr Lebiedziński,http://www.wikidata.org/entity/Q168886,Cmentarz Powązkowski w Warszawie,1860-01-01T00:00:00Z,1934-01-30T00:00:00Z,
http://www.wikidata.org/entity/Q11838357,Zbigniew Jedliński,Zbigniew Jedliński,http://www.wikidata.org/entity/Q168886,Cmentarz Powązkowski w Warszawie,1922-10-08T00:00:00Z,2008-06-06T00:00:00Z,
http://www.wikidata.org/entity/Q16334781,Wiesław Gliński,Wiesław Gliński,http://www.wikidata.org/entity/Q168886,Cmentarz Powązkowski w Warszawie,1947-01-01T00:00:00Z,2013-07-05T00:00:00Z,http://commons.wikimedia.org/wiki/Special:FilePath/Wies%C5%82aw%20Gli%C5%84ski%20gr%C3%B3b.JPG
http://www.wikidata.org/entity/Q16334869,Andrzej Makowski,Andrzej Makowski,http://www.wikidata.org/entity/Q168886,Cmentarz Powązkowski w Warszawie,1931-10-23T00:00:00Z,2013-10-23T00:00:00Z,
http://www.wikidata.org/entity/Q16335448,Zofia Siemaszko,Zofia Siemaszko,http://www.wikidata.org/entity/Q168886,Cmentarz Powązkowski w Warszawie,1907-05-07T00:00:00Z,2009-05-14T00:00:00Z,
http://www.wikidata.org/entity/Q16562091,Janusz Łętowski,Janusz Łętowski,http://www.wikidata.org/entity/Q168886,Cmentarz Powązkowski w Warszawie,1939-03-27T00:00:00Z,1999-02-12T00:00:00Z,
http://www.wikidata.org/entity/Q16605827,Stanisław Bylina,Stanisław Bylina,http://www.wikidata.org/entity/Q168886,Cmentarz Powązkowski w Warszawie,1936-01-01T00:00:00Z,2017-09-05T00:00:00Z,
http://www.wikidata.org/entity/Q17426313,Jan Hennel,Jan Hennel,http://www.wikidata.org/entity/Q168886,Cmentarz Powązkowski w Warszawie,1922-01-18T00:00:00Z,2014-07-20T00:00:00Z,
http://www.wikidata.org/entity/Q17426428,Konrad Mackiewicz,Konrad Mackiewicz,http://www.wikidata.org/entity/Q168886,Cmentarz Powązkowski w Warszawie,1945-01-01T00:00:00Z,2012-10-30T00:00:00Z,http://commons.wikimedia.org/wiki/Special:FilePath/Konrad%20Mackiewicz%20gr%C3%B3b.JPG
http://www.wikidata.org/entity/Q18067647,Wacław Sitkowski,Wacław Sitkowski,http://www.wikidata.org/entity/Q168886,Cmentarz Powązkowski w Warszawie,1924-02-12T00:00:00Z,2010-04-01T00:00:00Z,
http://www.wikidata.org/entity/Q18225218,Adam Smoliński,Adam Smoliński,http://www.wikidata.org/entity/Q168886,Cmentarz Powązkowski w Warszawie,1910-10-10T00:00:00Z,1996-02-29T00:00:00Z,
http://www.wikidata.org/entity/Q19362857,Michał Skarbiński,Michał Skarbiński,http://www.wikidata.org/entity/Q168886,Cmentarz Powązkowski w Warszawie,1903-04-10T00:00:00Z,1997-02-05T00:00:00Z,
http://www.wikidata.org/entity/Q19691421,Witold Wincenty Staniszkis,Witold Wincenty Staniszkis,http://www.wikidata.org/entity/Q168886,Cmentarz Powązkowski w Warszawie,1908-10-04T00:00:00Z,2008-02-28T00:00:00Z,http://commons.wikimedia.org/wiki/Special:FilePath/Witold%20Wincenty%20Staniszkis%20gr%C3%B3b.jpg
http://www.wikidata.org/entity/Q19697917,Witold Kosiński,Witold Kosiński,http://www.wikidata.org/entity/Q168886,Cmentarz Powązkowski w Warszawie,1946-08-13T00:00:00Z,2014-03-14T00:00:00Z,
http://www.wikidata.org/entity/Q19697996,Jan Skotnicki,Jan Skotnicki,http://www.wikidata.org/entity/Q168886,Cmentarz Powązkowski w Warszawie,1933-03-20T00:00:00Z,2013-08-08T00:00:00Z,http://commons.wikimedia.org/wiki/Special:FilePath/Czes%C5%82aw%20Skotnicki%20gr%C3%B3b.JPG
http://www.wikidata.org/entity/Q19861500,Włodzimierz Kamiński,Włodzimierz Kamiński,http://www.wikidata.org/entity/Q168886,Cmentarz Powązkowski w Warszawie,1924-01-01T00:00:00Z,2015-05-03T00:00:00Z,
http://www.wikidata.org/entity/Q19913132,Maria Nowicka,Maria Nowicka,http://www.wikidata.org/entity/Q168886,Cmentarz Powązkowski w Warszawie,1927-01-01T00:00:00Z,2015-03-29T00:00:00Z,http://commons.wikimedia.org/wiki/Special:FilePath/Prof%20Maria%20Nowicka%20gr%C3%B3b.JPG
http://www.wikidata.org/entity/Q21290612,Zbigniew Świętochowski,Zbigniew Świętochowski,http://www.wikidata.org/entity/Q168886,Cmentarz Powązkowski w Warszawie,1905-05-02T00:00:00Z,1970-08-17T00:00:00Z,
http://www.wikidata.org/entity/Q21290781,Tadeusz Andrzejczyk,Tadeusz Andrzejczyk,http://www.wikidata.org/entity/Q168886,Cmentarz Powązkowski w Warszawie,1931-05-17T00:00:00Z,2015-10-13T00:00:00Z,
http://www.wikidata.org/entity/Q23071757,Jan Lipiński,Jan Lipiński,http://www.wikidata.org/entity/Q168886,Cmentarz Powązkowski w Warszawie,1918-10-17T00:00:00Z,2016-02-01T00:00:00Z,
http://www.wikidata.org/entity/Q24431405,Michał Pirko,Michał Pirko,http://www.wikidata.org/entity/Q168886,Cmentarz Powązkowski w Warszawie,1917-01-01T00:00:00Z,1993-01-01T00:00:00Z,
http://www.wikidata.org/entity/Q27928556,Marian Sołtysiak,Marian Sołtysiak,http://www.wikidata.org/entity/Q168886,Cmentarz Powązkowski w Warszawie,1934-06-23T00:00:00Z,2016-10-20T00:00:00Z,http://commons.wikimedia.org/wiki/Special:FilePath/Marian%20So%C5%82tysiak%20%28historyk%20sztuki%29%20gr%C3%B3b%2001.jpg
http://www.wikidata.org/entity/Q28155179,Paweł Ambrożewicz,Paweł Ambrożewicz,http://www.wikidata.org/entity/Q168886,Cmentarz Powązkowski w Warszawie,1929-06-24T00:00:00Z,2009-12-14T00:00:00Z,http://commons.wikimedia.org/wiki/Special:FilePath/Pawe%C5%82%20Ambro%C5%BCewicz%20-%20gr%C3%B3b.jpg
http://www.wikidata.org/entity/Q28929993,Ewa Kowalska,Ewa Kowalska,http://www.wikidata.org/entity/Q168886,Cmentarz Powązkowski w Warszawie,2000-01-01T00:00:00Z,2017-03-06T00:00:00Z,
http://www.wikidata.org/entity/Q30604258,Eugeniusz Piontek,Eugeniusz Piontek,http://www.wikidata.org/entity/Q168886,Cmentarz Powązkowski w Warszawie,1935-06-17T00:00:00Z,2009-02-28T00:00:00Z,http://commons.wikimedia.org/wiki/Special:FilePath/Eugeniusz%20Piontek%20gr%C3%B3b.jpg
http://www.wikidata.org/entity/Q30607758,Bolesław Dubicki,Bolesław Dubicki,http://www.wikidata.org/entity/Q168886,Cmentarz Powązkowski w Warszawie,1906-02-18T00:00:00Z,1990-06-19T00:00:00Z,
http://www.wikidata.org/entity/Q41750467,Teresa Jankowska,Teresa Jankowska,http://www.wikidata.org/entity/Q168886,Cmentarz Powązkowski w Warszawie,1928-01-01T00:00:00Z,2017-10-02T00:00:00Z,
http://www.wikidata.org/entity/Q42392911,Artur Gałązka,Artur Gałązka,http://www.wikidata.org/entity/Q168886,Cmentarz Powązkowski w Warszawie,1933-08-28T00:00:00Z,1999-05-11T00:00:00Z,http://commons.wikimedia.org/wiki/Special:FilePath/Artur%20Ga%C5%82%C4%85zka%20gr%C3%B3b.JPG
http://www.wikidata.org/entity/Q47291789,Tadeusz Dalbor,Tadeusz Dalbor,http://www.wikidata.org/entity/Q168886,Cmentarz Powązkowski w Warszawie,1889-10-15T00:00:00Z,1981-06-21T00:00:00Z,http://commons.wikimedia.org/wiki/Special:FilePath/Tadeusz%20Dalbor%20gr%C3%B3b.jpg
http://www.wikidata.org/entity/Q55340082,Wanda Kononowicz,Wanda Kononowicz,http://www.wikidata.org/entity/Q168886,Cmentarz Powązkowski w Warszawie,1942-01-01T00:00:00Z,2018-02-23T00:00:00Z,
